Workbook

Sheet Charts
A1: Charts (data on the Frontier sheet)
A2: Tangency weights: w1 = | C2: =Parameters!$B$15 | D2: w2 = | E2: =Parameters!$B$16 | F2: μp = | G2: =Parameters!$B$17 | H2: σp = | I2: =Parameters!$B$19

Sheet Parameters
A1: HW1 – Two risky assets + one risk-free asset
A3: Inputs (yellow cells can be changed)
A4: μ1 | B4: 0.1
A5: μ2 | B5: 0.14
A6: σ1 | B6: 0.15
A7: σ2 | B7: 0.2
A8: ρ12 | B8: 0.2
A9: rf | B9: 0.05 | C9: rf is not listed in the problem; 5% assumed – change here if your class used another value.
A11: Derived quantities
A12: σ12 = ρ12·σ1·σ2 | B12: =B8*B6*B7
A13: μe1 = μ1 − rf | B13: =B4-B9
A14: μe2 = μ2 − rf | B14: =B5-B9
A15: w (weight on asset 1, Eq. 1) | B15: =(B13*B7^2-B14*B12)/(B13*B7^2+B14*B6^2-(B13+B14)*B12)
A16: 1 − w (weight on asset 2) | B16: =1-B15
A17: μp | B17: =B15*B4+B16*B5
A18: σp² | B18: =B15^2*B6^2+B16^2*B7^2+2*B15*B16*B12
A19: σp | B19: =SQRT(B18)
A20: Sharpe ratio (μp − rf)/σp | B20: =(B17-B9)/B19
A22: w_GMV (global min-variance) | B22: =(B7^2-B12)/(B6^2+B7^2-2*B12)
A23: μ_GMV | B23: =B22*B4+(1-B22)*B5
A24: σ²_GMV | B24: =B22^2*B6^2+(1-B22)^2*B7^2+2*B22*(1-B22)*B12
A25: σ_GMV | B25: =SQRT(B24)
A26: a = (σ1²+σ2²−2σ12)/(μ2−μ1)² | B26: =(B6^2+B7^2-2*B12)/(B5-B4)^2
A27: Analytic parabola: | B27: σ² = σ²_GMV + a·(μ − μ_GMV)²
A28: Ray slope (μp − rf)/σp² | B28: =(B17-B9)/B18
A29: Tangent slope at p = (μp − rf)/(2σp²) | B29: =(B17-B9)/(2*B18)
A30: Tangent slope ÷ ray slope | B30: =B29/B28

Sheet Frontier
A1: Risky-asset frontier for w1 = −0.5 … 1.5 (step 0.05) | I1: With rf: mean–SD (CML) | M1: With rf: mean–variance (Eq. 2) | S1: Analytic parabola on a μ grid | W1: Key points
A2: w1 | B2: w2 = 1 − w1 | C2: μc | D2: σc | E2: σc² (from weights) | F2: σc² (analytic parabola) | G2: difference | I2: σc | J2: μc upper = rf + SR·σc | K2: μc lower = rf − SR·σc | M2: σc² | N2: μc upper = rf + SR·√σc² | O2: μc lower = rf − SR·√σc² | P2: Ray rf→p: rf + [(μp−rf)/σp²]·σc² | Q2: Tangent at p: μp + [(μp−rf)/(2σp²)]·(σc²−σp²) | S2: μc | T2: σc² = σ²_GMV + a(μc − μ_GMV)² | U2: σc | W2: Point | X2: σ | Y2: σ² | Z2: μ
A3: -0.5 | B3: =1-A3 | C3: =A3*Parameters!$B$4+B3*Parameters!$B$5 | D3: =SQRT(E3) | E3: =A3^2*Parameters!$B$6^2+B3^2*Parameters!$B$7^2+2*A3*B3*Parameters!$B$12 | F3: =Parameters!$B$24+Parameters!$B$26*(C3-Parameters!$B$23)^2 | G3: =E3-F3 | I3: 0 | J3: =Parameters!$B$9+Parameters!$B$20*I3 | K3: =Parameters!$B$9-Parameters!$B$20*I3 | M3: 0 | N3: =Parameters!$B$9+Parameters!$B$20*SQRT(M3) | O3: =Parameters!$B$9-Parameters!$B$20*SQRT(M3) | P3: =Parameters!$B$9+Parameters!$B$28*M3 | Q3: =Parameters!$B$17+Parameters!$B$29*(M3-Parameters!$B$18) | S3: 0.08 | T3: =Parameters!$B$24+Parameters!$B$26*(S3-Parameters!$B$23)^2 | U3: =SQRT(T3) | W3: Asset 1 | X3: =Parameters!$B$6 | Y3: =X3^2 | Z3: =Parameters!$B$4
A4: -0.45 | B4: =1-A4 | C4: =A4*Parameters!$B$4+B4*Parameters!$B$5 | D4: =SQRT(E4) | E4: =A4^2*Parameters!$B$6^2+B4^2*Parameters!$B$7^2+2*A4*B4*Parameters!$B$12 | F4: =Parameters!$B$24+Parameters!$B$26*(C4-Parameters!$B$23)^2 | G4: =E4-F4 | I4: 0.01 | J4: =Parameters!$B$9+Parameters!$B$20*I4 | K4: =Parameters!$B$9-Parameters!$B$20*I4 | M4: 0.002 | N4: =Parameters!$B$9+Parameters!$B$20*SQRT(M4) | O4: =Parameters!$B$9-Parameters!$B$20*SQRT(M4) | P4: =Parameters!$B$9+Parameters!$B$28*M4 | Q4: =Parameters!$B$17+Parameters!$B$29*(M4-Parameters!$B$18) | S4: 0.0825 | T4: =Parameters!$B$24+Parameters!$B$26*(S4-Parameters!$B$23)^2 | U4: =SQRT(T4) | W4: Asset 2 | X4: =Parameters!$B$7 | Y4: =X4^2 | Z4: =Parameters!$B$5
A5: -0.4 | B5: =1-A5 | C5: =A5*Parameters!$B$4+B5*Parameters!$B$5 | D5: =SQRT(E5) | E5: =A5^2*Parameters!$B$6^2+B5^2*Parameters!$B$7^2+2*A5*B5*Parameters!$B$12 | F5: =Parameters!$B$24+Parameters!$B$26*(C5-Parameters!$B$23)^2 | G5: =E5-F5 | I5: 0.02 | J5: =Parameters!$B$9+Parameters!$B$20*I5 | K5: =Parameters!$B$9-Parameters!$B$20*I5 | M5: 0.004 | N5: =Parameters!$B$9+Parameters!$B$20*SQRT(M5) | O5: =Parameters!$B$9-Parameters!$B$20*SQRT(M5) | P5: =Parameters!$B$9+Parameters!$B$28*M5 | Q5: =Parameters!$B$17+Parameters!$B$29*(M5-Parameters!$B$18) | S5: 0.085 | T5: =Parameters!$B$24+Parameters!$B$26*(S5-Parameters!$B$23)^2 | U5: =SQRT(T5) | W5: Tangency p | X5: =Parameters!$B$19 | Y5: =X5^2 | Z5: =Parameters!$B$17
A6: -0.35 | B6: =1-A6 | C6: =A6*Parameters!$B$4+B6*Parameters!$B$5 | D6: =SQRT(E6) | E6: =A6^2*Parameters!$B$6^2+B6^2*Parameters!$B$7^2+2*A6*B6*Parameters!$B$12 | F6: =Parameters!$B$24+Parameters!$B$26*(C6-Parameters!$B$23)^2 | G6: =E6-F6 | I6: 0.03 | J6: =Parameters!$B$9+Parameters!$B$20*I6 | K6: =Parameters!$B$9-Parameters!$B$20*I6 | M6: 0.006 | N6: =Parameters!$B$9+Parameters!$B$20*SQRT(M6) | O6: =Parameters!$B$9-Parameters!$B$20*SQRT(M6) | P6: =Parameters!$B$9+Parameters!$B$28*M6 | Q6: =Parameters!$B$17+Parameters!$B$29*(M6-Parameters!$B$18) | S6: 0.0875 | T6: =Parameters!$B$24+Parameters!$B$26*(S6-Parameters!$B$23)^2 | U6: =SQRT(T6) | W6: Risk-free | X6: =0 | Y6: =X6^2 | Z6: =Parameters!$B$9
A7: -0.3 | B7: =1-A7 | C7: =A7*Parameters!$B$4+B7*Parameters!$B$5 | D7: =SQRT(E7) | E7: =A7^2*Parameters!$B$6^2+B7^2*Parameters!$B$7^2+2*A7*B7*Parameters!$B$12 | F7: =Parameters!$B$24+Parameters!$B$26*(C7-Parameters!$B$23)^2 | G7: =E7-F7 | I7: 0.04 | J7: =Parameters!$B$9+Parameters!$B$20*I7 | K7: =Parameters!$B$9-Parameters!$B$20*I7 | M7: 0.008 | N7: =Parameters!$B$9+Parameters!$B$20*SQRT(M7) | O7: =Parameters!$B$9-Parameters!$B$20*SQRT(M7) | P7: =Parameters!$B$9+Parameters!$B$28*M7 | Q7: =Parameters!$B$17+Parameters!$B$29*(M7-Parameters!$B$18) | S7: 0.09 | T7: =Parameters!$B$24+Parameters!$B$26*(S7-Parameters!$B$23)^2 | U7: =SQRT(T7) | W7: GMV | X7: =SQRT(Parameters!$B$24) | Y7: =X7^2 | Z7: =Parameters!$B$23
A8: -0.25 | B8: =1-A8 | C8: =A8*Parameters!$B$4+B8*Parameters!$B$5 | D8: =SQRT(E8) | E8: =A8^2*Parameters!$B$6^2+B8^2*Parameters!$B$7^2+2*A8*B8*Parameters!$B$12 | F8: =Parameters!$B$24+Parameters!$B$26*(C8-Parameters!$B$23)^2 | G8: =E8-F8 | I8: 0.05 | J8: =Parameters!$B$9+Parameters!$B$20*I8 | K8: =Parameters!$B$9-Parameters!$B$20*I8 | M8: 0.01 | N8: =Parameters!$B$9+Parameters!$B$20*SQRT(M8) | O8: =Parameters!$B$9-Parameters!$B$20*SQRT(M8) | P8: =Parameters!$B$9+Parameters!$B$28*M8 | Q8: =Parameters!$B$17+Parameters!$B$29*(M8-Parameters!$B$18) | S8: 0.0925 | T8: =Parameters!$B$24+Parameters!$B$26*(S8-Parameters!$B$23)^2 | U8: =SQRT(T8)
A9: -0.2 | B9: =1-A9 | C9: =A9*Parameters!$B$4+B9*Parameters!$B$5 | D9: =SQRT(E9) | E9: =A9^2*Parameters!$B$6^2+B9^2*Parameters!$B$7^2+2*A9*B9*Parameters!$B$12 | F9: =Parameters!$B$24+Parameters!$B$26*(C9-Parameters!$B$23)^2 | G9: =E9-F9 | I9: 0.06 | J9: =Parameters!$B$9+Parameters!$B$20*I9 | K9: =Parameters!$B$9-Parameters!$B$20*I9 | M9: 0.012 | N9: =Parameters!$B$9+Parameters!$B$20*SQRT(M9) | O9: =Parameters!$B$9-Parameters!$B$20*SQRT(M9) | P9: =Parameters!$B$9+Parameters!$B$28*M9 | Q9: =Parameters!$B$17+Parameters!$B$29*(M9-Parameters!$B$18) | S9: 0.095 | T9: =Parameters!$B$24+Parameters!$B$26*(S9-Parameters!$B$23)^2 | U9: =SQRT(T9) | W9: Tangency weights:
A10: -0.15 | B10: =1-A10 | C10: =A10*Parameters!$B$4+B10*Parameters!$B$5 | D10: =SQRT(E10) | E10: =A10^2*Parameters!$B$6^2+B10^2*Parameters!$B$7^2+2*A10*B10*Parameters!$B$12 | F10: =Parameters!$B$24+Parameters!$B$26*(C10-Parameters!$B$23)^2 | G10: =E10-F10 | I10: 0.07 | J10: =Parameters!$B$9+Parameters!$B$20*I10 | K10: =Parameters!$B$9-Parameters!$B$20*I10 | M10: 0.014 | N10: =Parameters!$B$9+Parameters!$B$20*SQRT(M10) | O10: =Parameters!$B$9-Parameters!$B$20*SQRT(M10) | P10: =Parameters!$B$9+Parameters!$B$28*M10 | Q10: =Parameters!$B$17+Parameters!$B$29*(M10-Parameters!$B$18) | S10: 0.0975 | T10: =Parameters!$B$24+Parameters!$B$26*(S10-Parameters!$B$23)^2 | U10: =SQRT(T10) | W10: w1 (asset 1) | X10: =Parameters!$B$15
A11: -0.1 | B11: =1-A11 | C11: =A11*Parameters!$B$4+B11*Parameters!$B$5 | D11: =SQRT(E11) | E11: =A11^2*Parameters!$B$6^2+B11^2*Parameters!$B$7^2+2*A11*B11*Parameters!$B$12 | F11: =Parameters!$B$24+Parameters!$B$26*(C11-Parameters!$B$23)^2 | G11: =E11-F11 | I11: 0.08 | J11: =Parameters!$B$9+Parameters!$B$20*I11 | K11: =Parameters!$B$9-Parameters!$B$20*I11 | M11: 0.016 | N11: =Parameters!$B$9+Parameters!$B$20*SQRT(M11) | O11: =Parameters!$B$9-Parameters!$B$20*SQRT(M11) | P11: =Parameters!$B$9+Parameters!$B$28*M11 | Q11: =Parameters!$B$17+Parameters!$B$29*(M11-Parameters!$B$18) | S11: 0.1 | T11: =Parameters!$B$24+Parameters!$B$26*(S11-Parameters!$B$23)^2 | U11: =SQRT(T11) | W11: w2 (asset 2) | X11: =Parameters!$B$16
A12: -0.05 | B12: =1-A12 | C12: =A12*Parameters!$B$4+B12*Parameters!$B$5 | D12: =SQRT(E12) | E12: =A12^2*Parameters!$B$6^2+B12^2*Parameters!$B$7^2+2*A12*B12*Parameters!$B$12 | F12: =Parameters!$B$24+Parameters!$B$26*(C12-Parameters!$B$23)^2 | G12: =E12-F12 | I12: 0.09 | J12: =Parameters!$B$9+Parameters!$B$20*I12 | K12: =Parameters!$B$9-Parameters!$B$20*I12 | M12: 0.018 | N12: =Parameters!$B$9+Parameters!$B$20*SQRT(M12) | O12: =Parameters!$B$9-Parameters!$B$20*SQRT(M12) | P12: =Parameters!$B$9+Parameters!$B$28*M12 | Q12: =Parameters!$B$17+Parameters!$B$29*(M12-Parameters!$B$18) | S12: 0.1025 | T12: =Parameters!$B$24+Parameters!$B$26*(S12-Parameters!$B$23)^2 | U12: =SQRT(T12)
A13: 0 | B13: =1-A13 | C13: =A13*Parameters!$B$4+B13*Parameters!$B$5 | D13: =SQRT(E13) | E13: =A13^2*Parameters!$B$6^2+B13^2*Parameters!$B$7^2+2*A13*B13*Parameters!$B$12 | F13: =Parameters!$B$24+Parameters!$B$26*(C13-Parameters!$B$23)^2 | G13: =E13-F13 | I13: 0.1 | J13: =Parameters!$B$9+Parameters!$B$20*I13 | K13: =Parameters!$B$9-Parameters!$B$20*I13 | M13: 0.02 | N13: =Parameters!$B$9+Parameters!$B$20*SQRT(M13) | O13: =Parameters!$B$9-Parameters!$B$20*SQRT(M13) | P13: =Parameters!$B$9+Parameters!$B$28*M13 | Q13: =Parameters!$B$17+Parameters!$B$29*(M13-Parameters!$B$18) | S13: 0.105 | T13: =Parameters!$B$24+Parameters!$B$26*(S13-Parameters!$B$23)^2 | U13: =SQRT(T13)
A14: 0.05 | B14: =1-A14 | C14: =A14*Parameters!$B$4+B14*Parameters!$B$5 | D14: =SQRT(E14) | E14: =A14^2*Parameters!$B$6^2+B14^2*Parameters!$B$7^2+2*A14*B14*Parameters!$B$12 | F14: =Parameters!$B$24+Parameters!$B$26*(C14-Parameters!$B$23)^2 | G14: =E14-F14 | I14: 0.11 | J14: =Parameters!$B$9+Parameters!$B$20*I14 | K14: =Parameters!$B$9-Parameters!$B$20*I14 | M14: 0.022 | N14: =Parameters!$B$9+Parameters!$B$20*SQRT(M14) | O14: =Parameters!$B$9-Parameters!$B$20*SQRT(M14) | P14: =Parameters!$B$9+Parameters!$B$28*M14 | Q14: =Parameters!$B$17+Parameters!$B$29*(M14-Parameters!$B$18) | S14: 0.1075 | T14: =Parameters!$B$24+Parameters!$B$26*(S14-Parameters!$B$23)^2 | U14: =SQRT(T14)
A15: 0.1 | B15: =1-A15 | C15: =A15*Parameters!$B$4+B15*Parameters!$B$5 | D15: =SQRT(E15) | E15: =A15^2*Parameters!$B$6^2+B15^2*Parameters!$B$7^2+2*A15*B15*Parameters!$B$12 | F15: =Parameters!$B$24+Parameters!$B$26*(C15-Parameters!$B$23)^2 | G15: =E15-F15 | I15: 0.12 | J15: =Parameters!$B$9+Parameters!$B$20*I15 | K15: =Parameters!$B$9-Parameters!$B$20*I15 | M15: 0.024 | N15: =Parameters!$B$9+Parameters!$B$20*SQRT(M15) | O15: =Parameters!$B$9-Parameters!$B$20*SQRT(M15) | P15: =Parameters!$B$9+Parameters!$B$28*M15 | Q15: =Parameters!$B$17+Parameters!$B$29*(M15-Parameters!$B$18) | S15: 0.11 | T15: =Parameters!$B$24+Parameters!$B$26*(S15-Parameters!$B$23)^2 | U15: =SQRT(T15)
A16: 0.15 | B16: =1-A16 | C16: =A16*Parameters!$B$4+B16*Parameters!$B$5 | D16: =SQRT(E16) | E16: =A16^2*Parameters!$B$6^2+B16^2*Parameters!$B$7^2+2*A16*B16*Parameters!$B$12 | F16: =Parameters!$B$24+Parameters!$B$26*(C16-Parameters!$B$23)^2 | G16: =E16-F16 | I16: 0.13 | J16: =Parameters!$B$9+Parameters!$B$20*I16 | K16: =Parameters!$B$9-Parameters!$B$20*I16 | M16: 0.026 | N16: =Parameters!$B$9+Parameters!$B$20*SQRT(M16) | O16: =Parameters!$B$9-Parameters!$B$20*SQRT(M16) | P16: =Parameters!$B$9+Parameters!$B$28*M16 | Q16: =Parameters!$B$17+Parameters!$B$29*(M16-Parameters!$B$18) | S16: 0.1125 | T16: =Parameters!$B$24+Parameters!$B$26*(S16-Parameters!$B$23)^2 | U16: =SQRT(T16)
A17: 0.2 | B17: =1-A17 | C17: =A17*Parameters!$B$4+B17*Parameters!$B$5 | D17: =SQRT(E17) | E17: =A17^2*Parameters!$B$6^2+B17^2*Parameters!$B$7^2+2*A17*B17*Parameters!$B$12 | F17: =Parameters!$B$24+Parameters!$B$26*(C17-Parameters!$B$23)^2 | G17: =E17-F17 | I17: 0.14 | J17: =Parameters!$B$9+Parameters!$B$20*I17 | K17: =Parameters!$B$9-Parameters!$B$20*I17 | M17: 0.028 | N17: =Parameters!$B$9+Parameters!$B$20*SQRT(M17) | O17: =Parameters!$B$9-Parameters!$B$20*SQRT(M17) | P17: =Parameters!$B$9+Parameters!$B$28*M17 | Q17: =Parameters!$B$17+Parameters!$B$29*(M17-Parameters!$B$18) | S17: 0.115 | T17: =Parameters!$B$24+Parameters!$B$26*(S17-Parameters!$B$23)^2 | U17: =SQRT(T17)
A18: 0.25 | B18: =1-A18 | C18: =A18*Parameters!$B$4+B18*Parameters!$B$5 | D18: =SQRT(E18) | E18: =A18^2*Parameters!$B$6^2+B18^2*Parameters!$B$7^2+2*A18*B18*Parameters!$B$12 | F18: =Parameters!$B$24+Parameters!$B$26*(C18-Parameters!$B$23)^2 | G18: =E18-F18 | I18: 0.15 | J18: =Parameters!$B$9+Parameters!$B$20*I18 | K18: =Parameters!$B$9-Parameters!$B$20*I18 | M18: 0.03 | N18: =Parameters!$B$9+Parameters!$B$20*SQRT(M18) | O18: =Parameters!$B$9-Parameters!$B$20*SQRT(M18) | P18: =Parameters!$B$9+Parameters!$B$28*M18 | Q18: =Parameters!$B$17+Parameters!$B$29*(M18-Parameters!$B$18) | S18: 0.1175 | T18: =Parameters!$B$24+Parameters!$B$26*(S18-Parameters!$B$23)^2 | U18: =SQRT(T18)
A19: 0.3 | B19: =1-A19 | C19: =A19*Parameters!$B$4+B19*Parameters!$B$5 | D19: =SQRT(E19) | E19: =A19^2*Parameters!$B$6^2+B19^2*Parameters!$B$7^2+2*A19*B19*Parameters!$B$12 | F19: =Parameters!$B$24+Parameters!$B$26*(C19-Parameters!$B$23)^2 | G19: =E19-F19 | I19: 0.16 | J19: =Parameters!$B$9+Parameters!$B$20*I19 | K19: =Parameters!$B$9-Parameters!$B$20*I19 | M19: 0.032 | N19: =Parameters!$B$9+Parameters!$B$20*SQRT(M19) | O19: =Parameters!$B$9-Parameters!$B$20*SQRT(M19) | P19: =Parameters!$B$9+Parameters!$B$28*M19 | Q19: =Parameters!$B$17+Parameters!$B$29*(M19-Parameters!$B$18) | S19: 0.12 | T19: =Parameters!$B$24+Parameters!$B$26*(S19-Parameters!$B$23)^2 | U19: =SQRT(T19)
A20: 0.35 | B20: =1-A20 | C20: =A20*Parameters!$B$4+B20*Parameters!$B$5 | D20: =SQRT(E20) | E20: =A20^2*Parameters!$B$6^2+B20^2*Parameters!$B$7^2+2*A20*B20*Parameters!$B$12 | F20: =Parameters!$B$24+Parameters!$B$26*(C20-Parameters!$B$23)^2 | G20: =E20-F20 | I20: 0.17 | J20: =Parameters!$B$9+Parameters!$B$20*I20 | K20: =Parameters!$B$9-Parameters!$B$20*I20 | M20: 0.034 | N20: =Parameters!$B$9+Parameters!$B$20*SQRT(M20) | O20: =Parameters!$B$9-Parameters!$B$20*SQRT(M20) | P20: =Parameters!$B$9+Parameters!$B$28*M20 | Q20: =Parameters!$B$17+Parameters!$B$29*(M20-Parameters!$B$18) | S20: 0.1225 | T20: =Parameters!$B$24+Parameters!$B$26*(S20-Parameters!$B$23)^2 | U20: =SQRT(T20)
A21: 0.4 | B21: =1-A21 | C21: =A21*Parameters!$B$4+B21*Parameters!$B$5 | D21: =SQRT(E21) | E21: =A21^2*Parameters!$B$6^2+B21^2*Parameters!$B$7^2+2*A21*B21*Parameters!$B$12 | F21: =Parameters!$B$24+Parameters!$B$26*(C21-Parameters!$B$23)^2 | G21: =E21-F21 | I21: 0.18 | J21: =Parameters!$B$9+Parameters!$B$20*I21 | K21: =Parameters!$B$9-Parameters!$B$20*I21 | M21: 0.036 | N21: =Parameters!$B$9+Parameters!$B$20*SQRT(M21) | O21: =Parameters!$B$9-Parameters!$B$20*SQRT(M21) | P21: =Parameters!$B$9+Parameters!$B$28*M21 | Q21: =Parameters!$B$17+Parameters!$B$29*(M21-Parameters!$B$18) | S21: 0.125 | T21: =Parameters!$B$24+Parameters!$B$26*(S21-Parameters!$B$23)^2 | U21: =SQRT(T21)
A22: 0.45 | B22: =1-A22 | C22: =A22*Parameters!$B$4+B22*Parameters!$B$5 | D22: =SQRT(E22) | E22: =A22^2*Parameters!$B$6^2+B22^2*Parameters!$B$7^2+2*A22*B22*Parameters!$B$12 | F22: =Parameters!$B$24+Parameters!$B$26*(C22-Parameters!$B$23)^2 | G22: =E22-F22 | I22: 0.19 | J22: =Parameters!$B$9+Parameters!$B$20*I22 | K22: =Parameters!$B$9-Parameters!$B$20*I22 | M22: 0.038 | N22: =Parameters!$B$9+Parameters!$B$20*SQRT(M22) | O22: =Parameters!$B$9-Parameters!$B$20*SQRT(M22) | P22: =Parameters!$B$9+Parameters!$B$28*M22 | Q22: =Parameters!$B$17+Parameters!$B$29*(M22-Parameters!$B$18) | S22: 0.1275 | T22: =Parameters!$B$24+Parameters!$B$26*(S22-Parameters!$B$23)^2 | U22: =SQRT(T22)
A23: 0.5 | B23: =1-A23 | C23: =A23*Parameters!$B$4+B23*Parameters!$B$5 | D23: =SQRT(E23) | E23: =A23^2*Parameters!$B$6^2+B23^2*Parameters!$B$7^2+2*A23*B23*Parameters!$B$12 | F23: =Parameters!$B$24+Parameters!$B$26*(C23-Parameters!$B$23)^2 | G23: =E23-F23 | I23: 0.2 | J23: =Parameters!$B$9+Parameters!$B$20*I23 | K23: =Parameters!$B$9-Parameters!$B$20*I23 | M23: 0.04 | N23: =Parameters!$B$9+Parameters!$B$20*SQRT(M23) | O23: =Parameters!$B$9-Parameters!$B$20*SQRT(M23) | P23: =Parameters!$B$9+Parameters!$B$28*M23 | Q23: =Parameters!$B$17+Parameters!$B$29*(M23-Parameters!$B$18) | S23: 0.13 | T23: =Parameters!$B$24+Parameters!$B$26*(S23-Parameters!$B$23)^2 | U23: =SQRT(T23)
... A33: 1 | B33: =1-A33 | C33: =A33*Parameters!$B$4+B33*Parameters!$B$5 | D33: =SQRT(E33) | E33: =A33^2*Parameters!$B$6^2+B33^2*Parameters!$B$7^2+2*A33*B33*Parameters!$B$12 | F33: =Parameters!$B$24+Parameters!$B$26*(C33-Parameters!$B$23)^2 | G33: =E33-F33 | I33: 0.3 | J33: =Parameters!$B$9+Parameters!$B$20*I33 | K33: =Parameters!$B$9-Parameters!$B$20*I33 | M33: 0.06 | N33: =Parameters!$B$9+Parameters!$B$20*SQRT(M33) | O33: =Parameters!$B$9-Parameters!$B$20*SQRT(M33) | P33: =Parameters!$B$9+Parameters!$B$28*M33 | Q33: =Parameters!$B$17+Parameters!$B$29*(M33-Parameters!$B$18) | S33: 0.155 | T33: =Parameters!$B$24+Parameters!$B$26*(S33-Parameters!$B$23)^2 | U33: =SQRT(T33)
A34: 1.05 | B34: =1-A34 | C34: =A34*Parameters!$B$4+B34*Parameters!$B$5 | D34: =SQRT(E34) | E34: =A34^2*Parameters!$B$6^2+B34^2*Parameters!$B$7^2+2*A34*B34*Parameters!$B$12 | F34: =Parameters!$B$24+Parameters!$B$26*(C34-Parameters!$B$23)^2 | G34: =E34-F34 | M34: 0.062 | N34: =Parameters!$B$9+Parameters!$B$20*SQRT(M34) | O34: =Parameters!$B$9-Parameters!$B$20*SQRT(M34) | P34: =Parameters!$B$9+Parameters!$B$28*M34 | Q34: =Parameters!$B$17+Parameters!$B$29*(M34-Parameters!$B$18) | S34: 0.1575 | T34: =Parameters!$B$24+Parameters!$B$26*(S34-Parameters!$B$23)^2 | U34: =SQRT(T34)
A35: 1.1 | B35: =1-A35 | C35: =A35*Parameters!$B$4+B35*Parameters!$B$5 | D35: =SQRT(E35) | E35: =A35^2*Parameters!$B$6^2+B35^2*Parameters!$B$7^2+2*A35*B35*Parameters!$B$12 | F35: =Parameters!$B$24+Parameters!$B$26*(C35-Parameters!$B$23)^2 | G35: =E35-F35 | M35: 0.064 | N35: =Parameters!$B$9+Parameters!$B$20*SQRT(M35) | O35: =Parameters!$B$9-Parameters!$B$20*SQRT(M35) | P35: =Parameters!$B$9+Parameters!$B$28*M35 | Q35: =Parameters!$B$17+Parameters!$B$29*(M35-Parameters!$B$18) | S35: 0.16 | T35: =Parameters!$B$24+Parameters!$B$26*(S35-Parameters!$B$23)^2 | U35: =SQRT(T35)
A36: 1.15 | B36: =1-A36 | C36: =A36*Parameters!$B$4+B36*Parameters!$B$5 | D36: =SQRT(E36) | E36: =A36^2*Parameters!$B$6^2+B36^2*Parameters!$B$7^2+2*A36*B36*Parameters!$B$12 | F36: =Parameters!$B$24+Parameters!$B$26*(C36-Parameters!$B$23)^2 | G36: =E36-F36 | M36: 0.066 | N36: =Parameters!$B$9+Parameters!$B$20*SQRT(M36) | O36: =Parameters!$B$9-Parameters!$B$20*SQRT(M36) | P36: =Parameters!$B$9+Parameters!$B$28*M36 | Q36: =Parameters!$B$17+Parameters!$B$29*(M36-Parameters!$B$18)
A37: 1.2 | B37: =1-A37 | C37: =A37*Parameters!$B$4+B37*Parameters!$B$5 | D37: =SQRT(E37) | E37: =A37^2*Parameters!$B$6^2+B37^2*Parameters!$B$7^2+2*A37*B37*Parameters!$B$12 | F37: =Parameters!$B$24+Parameters!$B$26*(C37-Parameters!$B$23)^2 | G37: =E37-F37 | M37: 0.068 | N37: =Parameters!$B$9+Parameters!$B$20*SQRT(M37) | O37: =Parameters!$B$9-Parameters!$B$20*SQRT(M37) | P37: =Parameters!$B$9+Parameters!$B$28*M37 | Q37: =Parameters!$B$17+Parameters!$B$29*(M37-Parameters!$B$18)
A38: 1.25 | B38: =1-A38 | C38: =A38*Parameters!$B$4+B38*Parameters!$B$5 | D38: =SQRT(E38) | E38: =A38^2*Parameters!$B$6^2+B38^2*Parameters!$B$7^2+2*A38*B38*Parameters!$B$12 | F38: =Parameters!$B$24+Parameters!$B$26*(C38-Parameters!$B$23)^2 | G38: =E38-F38 | M38: 0.07 | N38: =Parameters!$B$9+Parameters!$B$20*SQRT(M38) | O38: =Parameters!$B$9-Parameters!$B$20*SQRT(M38) | P38: =Parameters!$B$9+Parameters!$B$28*M38 | Q38: =Parameters!$B$17+Parameters!$B$29*(M38-Parameters!$B$18)
A39: 1.3 | B39: =1-A39 | C39: =A39*Parameters!$B$4+B39*Parameters!$B$5 | D39: =SQRT(E39) | E39: =A39^2*Parameters!$B$6^2+B39^2*Parameters!$B$7^2+2*A39*B39*Parameters!$B$12 | F39: =Parameters!$B$24+Parameters!$B$26*(C39-Parameters!$B$23)^2 | G39: =E39-F39 | M39: 0.072 | N39: =Parameters!$B$9+Parameters!$B$20*SQRT(M39) | O39: =Parameters!$B$9-Parameters!$B$20*SQRT(M39) | P39: =Parameters!$B$9+Parameters!$B$28*M39 | Q39: =Parameters!$B$17+Parameters!$B$29*(M39-Parameters!$B$18)
A40: 1.35 | B40: =1-A40 | C40: =A40*Parameters!$B$4+B40*Parameters!$B$5 | D40: =SQRT(E40) | E40: =A40^2*Parameters!$B$6^2+B40^2*Parameters!$B$7^2+2*A40*B40*Parameters!$B$12 | F40: =Parameters!$B$24+Parameters!$B$26*(C40-Parameters!$B$23)^2 | G40: =E40-F40 | M40: 0.074 | N40: =Parameters!$B$9+Parameters!$B$20*SQRT(M40) | O40: =Parameters!$B$9-Parameters!$B$20*SQRT(M40) | P40: =Parameters!$B$9+Parameters!$B$28*M40 | Q40: =Parameters!$B$17+Parameters!$B$29*(M40-Parameters!$B$18)
A41: 1.4 | B41: =1-A41 | C41: =A41*Parameters!$B$4+B41*Parameters!$B$5 | D41: =SQRT(E41) | E41: =A41^2*Parameters!$B$6^2+B41^2*Parameters!$B$7^2+2*A41*B41*Parameters!$B$12 | F41: =Parameters!$B$24+Parameters!$B$26*(C41-Parameters!$B$23)^2 | G41: =E41-F41 | M41: 0.076 | N41: =Parameters!$B$9+Parameters!$B$20*SQRT(M41) | O41: =Parameters!$B$9-Parameters!$B$20*SQRT(M41) | P41: =Parameters!$B$9+Parameters!$B$28*M41 | Q41: =Parameters!$B$17+Parameters!$B$29*(M41-Parameters!$B$18)
A42: 1.45 | B42: =1-A42 | C42: =A42*Parameters!$B$4+B42*Parameters!$B$5 | D42: =SQRT(E42) | E42: =A42^2*Parameters!$B$6^2+B42^2*Parameters!$B$7^2+2*A42*B42*Parameters!$B$12 | F42: =Parameters!$B$24+Parameters!$B$26*(C42-Parameters!$B$23)^2 | G42: =E42-F42 | M42: 0.078 | N42: =Parameters!$B$9+Parameters!$B$20*SQRT(M42) | O42: =Parameters!$B$9-Parameters!$B$20*SQRT(M42) | P42: =Parameters!$B$9+Parameters!$B$28*M42 | Q42: =Parameters!$B$17+Parameters!$B$29*(M42-Parameters!$B$18)
A43: 1.5 | B43: =1-A43 | C43: =A43*Parameters!$B$4+B43*Parameters!$B$5 | D43: =SQRT(E43) | E43: =A43^2*Parameters!$B$6^2+B43^2*Parameters!$B$7^2+2*A43*B43*Parameters!$B$12 | F43: =Parameters!$B$24+Parameters!$B$26*(C43-Parameters!$B$23)^2 | G43: =E43-F43 | M43: 0.08 | N43: =Parameters!$B$9+Parameters!$B$20*SQRT(M43) | O43: =Parameters!$B$9-Parameters!$B$20*SQRT(M43) | P43: =Parameters!$B$9+Parameters!$B$28*M43 | Q43: =Parameters!$B$17+Parameters!$B$29*(M43-Parameters!$B$18)
M44: 0.082 | N44: =Parameters!$B$9+Parameters!$B$20*SQRT(M44) | O44: =Parameters!$B$9-Parameters!$B$20*SQRT(M44) | P44: =Parameters!$B$9+Parameters!$B$28*M44 | Q44: =Parameters!$B$17+Parameters!$B$29*(M44-Parameters!$B$18)
M45: 0.084 | N45: =Parameters!$B$9+Parameters!$B$20*SQRT(M45) | O45: =Parameters!$B$9-Parameters!$B$20*SQRT(M45) | P45: =Parameters!$B$9+Parameters!$B$28*M45 | Q45: =Parameters!$B$17+Parameters!$B$29*(M45-Parameters!$B$18)
M46: 0.086 | N46: =Parameters!$B$9+Parameters!$B$20*SQRT(M46) | O46: =Parameters!$B$9-Parameters!$B$20*SQRT(M46) | P46: =Parameters!$B$9+Parameters!$B$28*M46 | Q46: =Parameters!$B$17+Parameters!$B$29*(M46-Parameters!$B$18)
M47: 0.088 | N47: =Parameters!$B$9+Parameters!$B$20*SQRT(M47) | O47: =Parameters!$B$9-Parameters!$B$20*SQRT(M47) | P47: =Parameters!$B$9+Parameters!$B$28*M47 | Q47: =Parameters!$B$17+Parameters!$B$29*(M47-Parameters!$B$18)
M48: 0.09 | N48: =Parameters!$B$9+Parameters!$B$20*SQRT(M48) | O48: =Parameters!$B$9-Parameters!$B$20*SQRT(M48) | P48: =Parameters!$B$9+Parameters!$B$28*M48 | Q48: =Parameters!$B$17+Parameters!$B$29*(M48-Parameters!$B$18)

Sheet Slopes
A1: Ray slope vs tangent slope at points on the risky-asset frontier (σ² on x-axis)
A2: Tangent slope dμ/dσ² = (μ1 − μ2) / (2[w·σ1² − (1−w)·σ2² + (1−2w)·σ12]); ray slope = (μ − rf)/σ². Only at p is tangent = ½ × ray.
A4: w1 | B4: μ | C4: σ² | D4: Ray slope (μ − rf)/σ² | E4: Tangent slope dμ/dσ² | F4: Tangent ÷ ray | G4: Tangent-line intercept at σ²=0 | H4: (rf + μ)/2 | I4: Point
A5: -0.5 | B5: =A5*Parameters!$B$4+(1-A5)*Parameters!$B$5 | C5: =A5^2*Parameters!$B$6^2+(1-A5)^2*Parameters!$B$7^2+2*A5*(1-A5)*Parameters!$B$12 | D5: =(B5-Parameters!$B$9)/C5 | E5: =(Parameters!$B$4-Parameters!$B$5)/(2*(A5*Parameters!$B$6^2-(1-A5)*Parameters!$B$7^2+(1-2*A5)*Parameters!$B$12)) | F5: =E5/D5 | G5: =B5-E5*C5 | H5: =(Parameters!$B$9+B5)/2
A6: -0.2 | B6: =A6*Parameters!$B$4+(1-A6)*Parameters!$B$5 | C6: =A6^2*Parameters!$B$6^2+(1-A6)^2*Parameters!$B$7^2+2*A6*(1-A6)*Parameters!$B$12 | D6: =(B6-Parameters!$B$9)/C6 | E6: =(Parameters!$B$4-Parameters!$B$5)/(2*(A6*Parameters!$B$6^2-(1-A6)*Parameters!$B$7^2+(1-2*A6)*Parameters!$B$12)) | F6: =E6/D6 | G6: =B6-E6*C6 | H6: =(Parameters!$B$9+B6)/2
A7: 0 | B7: =A7*Parameters!$B$4+(1-A7)*Parameters!$B$5 | C7: =A7^2*Parameters!$B$6^2+(1-A7)^2*Parameters!$B$7^2+2*A7*(1-A7)*Parameters!$B$12 | D7: =(B7-Parameters!$B$9)/C7 | E7: =(Parameters!$B$4-Parameters!$B$5)/(2*(A7*Parameters!$B$6^2-(1-A7)*Parameters!$B$7^2+(1-2*A7)*Parameters!$B$12)) | F7: =E7/D7 | G7: =B7-E7*C7 | H7: =(Parameters!$B$9+B7)/2
A8: 0.1 | B8: =A8*Parameters!$B$4+(1-A8)*Parameters!$B$5 | C8: =A8^2*Parameters!$B$6^2+(1-A8)^2*Parameters!$B$7^2+2*A8*(1-A8)*Parameters!$B$12 | D8: =(B8-Parameters!$B$9)/C8 | E8: =(Parameters!$B$4-Parameters!$B$5)/(2*(A8*Parameters!$B$6^2-(1-A8)*Parameters!$B$7^2+(1-2*A8)*Parameters!$B$12)) | F8: =E8/D8 | G8: =B8-E8*C8 | H8: =(Parameters!$B$9+B8)/2
A9: 0.2 | B9: =A9*Parameters!$B$4+(1-A9)*Parameters!$B$5 | C9: =A9^2*Parameters!$B$6^2+(1-A9)^2*Parameters!$B$7^2+2*A9*(1-A9)*Parameters!$B$12 | D9: =(B9-Parameters!$B$9)/C9 | E9: =(Parameters!$B$4-Parameters!$B$5)/(2*(A9*Parameters!$B$6^2-(1-A9)*Parameters!$B$7^2+(1-2*A9)*Parameters!$B$12)) | F9: =E9/D9 | G9: =B9-E9*C9 | H9: =(Parameters!$B$9+B9)/2
A10: 0.3 | B10: =A10*Parameters!$B$4+(1-A10)*Parameters!$B$5 | C10: =A10^2*Parameters!$B$6^2+(1-A10)^2*Parameters!$B$7^2+2*A10*(1-A10)*Parameters!$B$12 | D10: =(B10-Parameters!$B$9)/C10 | E10: =(Parameters!$B$4-Parameters!$B$5)/(2*(A10*Parameters!$B$6^2-(1-A10)*Parameters!$B$7^2+(1-2*A10)*Parameters!$B$12)) | F10: =E10/D10 | G10: =B10-E10*C10 | H10: =(Parameters!$B$9+B10)/2
A11: 0.4 | B11: =A11*Parameters!$B$4+(1-A11)*Parameters!$B$5 | C11: =A11^2*Parameters!$B$6^2+(1-A11)^2*Parameters!$B$7^2+2*A11*(1-A11)*Parameters!$B$12 | D11: =(B11-Parameters!$B$9)/C11 | E11: =(Parameters!$B$4-Parameters!$B$5)/(2*(A11*Parameters!$B$6^2-(1-A11)*Parameters!$B$7^2+(1-2*A11)*Parameters!$B$12)) | F11: =E11/D11 | G11: =B11-E11*C11 | H11: =(Parameters!$B$9+B11)/2
A12: =Parameters!$B$15 | B12: =A12*Parameters!$B$4+(1-A12)*Parameters!$B$5 | C12: =A12^2*Parameters!$B$6^2+(1-A12)^2*Parameters!$B$7^2+2*A12*(1-A12)*Parameters!$B$12 | D12: =(B12-Parameters!$B$9)/C12 | E12: =(Parameters!$B$4-Parameters!$B$5)/(2*(A12*Parameters!$B$6^2-(1-A12)*Parameters!$B$7^2+(1-2*A12)*Parameters!$B$12)) | F12: =E12/D12 | G12: =B12-E12*C12 | H12: =(Parameters!$B$9+B12)/2 | I12: Tangency p
A13: 0.5 | B13: =A13*Parameters!$B$4+(1-A13)*Parameters!$B$5 | C13: =A13^2*Parameters!$B$6^2+(1-A13)^2*Parameters!$B$7^2+2*A13*(1-A13)*Parameters!$B$12 | D13: =(B13-Parameters!$B$9)/C13 | E13: =(Parameters!$B$4-Parameters!$B$5)/(2*(A13*Parameters!$B$6^2-(1-A13)*Parameters!$B$7^2+(1-2*A13)*Parameters!$B$12)) | F13: =E13/D13 | G13: =B13-E13*C13 | H13: =(Parameters!$B$9+B13)/2
A14: 0.6 | B14: =A14*Parameters!$B$4+(1-A14)*Parameters!$B$5 | C14: =A14^2*Parameters!$B$6^2+(1-A14)^2*Parameters!$B$7^2+2*A14*(1-A14)*Parameters!$B$12 | D14: =(B14-Parameters!$B$9)/C14 | E14: =(Parameters!$B$4-Parameters!$B$5)/(2*(A14*Parameters!$B$6^2-(1-A14)*Parameters!$B$7^2+(1-2*A14)*Parameters!$B$12)) | F14: =E14/D14 | G14: =B14-E14*C14 | H14: =(Parameters!$B$9+B14)/2
A15: 0.65 | B15: =A15*Parameters!$B$4+(1-A15)*Parameters!$B$5 | C15: =A15^2*Parameters!$B$6^2+(1-A15)^2*Parameters!$B$7^2+2*A15*(1-A15)*Parameters!$B$12 | D15: =(B15-Parameters!$B$9)/C15 | E15: =(Parameters!$B$4-Parameters!$B$5)/(2*(A15*Parameters!$B$6^2-(1-A15)*Parameters!$B$7^2+(1-2*A15)*Parameters!$B$12)) | F15: =E15/D15 | G15: =B15-E15*C15 | H15: =(Parameters!$B$9+B15)/2
A16: 1 | B16: =A16*Parameters!$B$4+(1-A16)*Parameters!$B$5 | C16: =A16^2*Parameters!$B$6^2+(1-A16)^2*Parameters!$B$7^2+2*A16*(1-A16)*Parameters!$B$12 | D16: =(B16-Parameters!$B$9)/C16 | E16: =(Parameters!$B$4-Parameters!$B$5)/(2*(A16*Parameters!$B$6^2-(1-A16)*Parameters!$B$7^2+(1-2*A16)*Parameters!$B$12)) | F16: =E16/D16 | G16: =B16-E16*C16 | H16: =(Parameters!$B$9+B16)/2 | I16: inefficient (below GMV)
